{"stats":{"minecraft:picked_up":{"minecraft:dark_oak_sign":1,"minecraft:redstone":6},"minecraft:custom":{"minecraft:time_since_rest":6580259,"minecraft:play_time":6580259,"minecraft:sprint_one_cm":251,"minecraft:walk_one_cm":6853,"minecraft:sneak_time":249046,"minecraft:jump":59,"minecraft:leave_game":7,"minecraft:time_since_death":6580259,"minecraft:total_world_time":7923527,"minecraft:fly_one_cm":24816303},"minecraft:used":{"minecraft:yellow_wool":9,"minecraft:redstone_torch":5,"minecraft:glass":14,"minecraft:torch":4,"minecraft:spyglass":735,"minecraft:repeater":46,"minecraft:redstone_lamp":4,"minecraft:red_nether_brick_wall":22,"minecraft:red_wool":44,"minecraft:dark_oak_sign":71,"minecraft:redstone":93,"minecraft:oak_sign":21,"minecraft:orange_wool":4,"minecraft:glow_ink_sac":67}},"DataVersion":3700}