{"stats":{"minecraft:picked_up":{"minecraft:dark_oak_sign":1,"minecraft:redstone":6},"minecraft:custom":{"minecraft:time_since_rest":7621795,"minecraft:play_time":7621795,"minecraft:sprint_one_cm":251,"minecraft:walk_one_cm":7028,"minecraft:sneak_time":305295,"minecraft:jump":65,"minecraft:leave_game":8,"minecraft:time_since_death":7621795,"minecraft:total_world_time":30861556,"minecraft:fly_one_cm":25639108},"minecraft:used":{"minecraft:yellow_wool":9,"minecraft:redstone_torch":5,"minecraft:glass":14,"minecraft:torch":4,"minecraft:spyglass":774,"minecraft:repeater":46,"minecraft:redstone_lamp":4,"minecraft:red_nether_brick_wall":22,"minecraft:red_wool":44,"minecraft:dark_oak_sign":71,"minecraft:redstone":93,"minecraft:oak_sign":21,"minecraft:orange_wool":4,"minecraft:glow_ink_sac":67}},"DataVersion":3700}