{"stats":{"minecraft:custom":{"minecraft:jump":106,"minecraft:time_since_rest":10938159,"minecraft:crouch_one_cm":1265,"minecraft:leave_game":8,"minecraft:sprint_one_cm":1862,"minecraft:play_time":10938159,"minecraft:damage_taken":20,"minecraft:time_since_death":10938159,"minecraft:walk_one_cm":17018,"minecraft:sneak_time":574204,"minecraft:total_world_time":22355663,"minecraft:fall_one_cm":406,"minecraft:fly_one_cm":35663544},"minecraft:used":{"minecraft:redstone":2,"minecraft:oak_sign":27,"minecraft:orange_wool":1,"minecraft:stone_button":1,"minecraft:torch":4,"minecraft:repeater":5,"minecraft:redstone_lamp":7,"minecraft:red_nether_brick_wall":271}},"DataVersion":3700}