{"stats":{"minecraft:custom":{"minecraft:jump":22,"minecraft:time_since_rest":3822844,"minecraft:leave_game":3,"minecraft:sprint_one_cm":56,"minecraft:play_time":3822844,"minecraft:time_since_death":3822844,"minecraft:walk_one_cm":3705,"minecraft:sneak_time":166722,"minecraft:total_world_time":4887996,"minecraft:fly_one_cm":18135304},"minecraft:picked_up":{"minecraft:redstone":6},"minecraft:used":{"minecraft:redstone_torch":3,"minecraft:glass":14,"minecraft:orange_wool":3,"minecraft:torch":2,"minecraft:red_nether_brick_wall":22,"minecraft:repeater":30,"minecraft:spyglass":508,"minecraft:red_wool":44,"minecraft:redstone":81,"minecraft:yellow_wool":1}},"DataVersion":3700}